{"assets/dialogflow-435107-5dccaba2388d.json":["assets/dialogflow-435107-5dccaba2388d.json"],"assets/fonts/Roboto/Roboto-Black.ttf":["assets/fonts/Roboto/Roboto-Black.ttf"],"assets/fonts/Roboto/Roboto-Bold.ttf":["assets/fonts/Roboto/Roboto-Bold.ttf"],"assets/fonts/Tajawal/Tajawal-Black.ttf":["assets/fonts/Tajawal/Tajawal-Black.ttf"],"assets/fonts/Tajawal/Tajawal-Bold.ttf":["assets/fonts/Tajawal/Tajawal-Bold.ttf"],"assets/images/تعويض سيارتك.jpg":["assets/images/تعويض سيارتك.jpg"],"assets/images/تواصل معنا.jpg":["assets/images/تواصل معنا.jpg"],"assets/images/خدماتنا.jpg":["assets/images/خدماتنا.jpg"],"assets/images/مقرات الشركة.jpg":["assets/images/مقرات الشركة.jpg"],"assets/images/1.jpg":["assets/images/1.jpg"],"assets/images/1eng.jpg":["assets/images/1eng.jpg"],"assets/images/2.jpg":["assets/images/2.jpg"],"assets/images/22.png":["assets/images/22.png"],"assets/images/2eng.jpg":["assets/images/2eng.jpg"],"assets/images/3.jpg":["assets/images/3.jpg"],"assets/images/3eng.jpg":["assets/images/3eng.jpg"],"assets/images/4.jpg":["assets/images/4.jpg"],"assets/images/4eng.jpg":["assets/images/4eng.jpg"],"assets/images/9.png":["assets/images/9.png"],"assets/images/B-_FAIR_GOLD_WEB.png":["assets/images/B-_FAIR_GOLD_WEB.png"],"assets/images/Newengineering2.png":["assets/images/Newengineering2.png"],"assets/images/aa.EG_EGYPT_NSR_GOLD-01.png":["assets/images/aa.EG_EGYPT_NSR_GOLD-01.png"],"assets/images/ali.png":["assets/images/ali.png"],"assets/images/ar.png":["assets/images/ar.png"],"assets/images/arabic.png":["assets/images/arabic.png"],"assets/images/auo-2nn.png":["assets/images/auo-2nn.png"],"assets/images/background.jpg":["assets/images/background.jpg"],"assets/images/background_.jpg":["assets/images/background_.jpg"],"assets/images/banner3.png":["assets/images/banner3.png"],"assets/images/branch.png":["assets/images/branch.png"],"assets/images/burger_icon.svg":["assets/images/burger_icon.svg"],"assets/images/call.gif":["assets/images/call.gif"],"assets/images/call.png":["assets/images/call.png"],"assets/images/car.gif":["assets/images/car.gif"],"assets/images/car.png":["assets/images/car.png"],"assets/images/carclaim.png":["assets/images/carclaim.png"],"assets/images/carr.png":["assets/images/carr.png"],"assets/images/en.png":["assets/images/en.png"],"assets/images/finalnewlogo.png":["assets/images/finalnewlogo.png"],"assets/images/flutterlogo.png":["assets/images/flutterlogo.png"],"assets/images/forward_icon.svg":["assets/images/forward_icon.svg"],"assets/images/heart_icon.svg":["assets/images/heart_icon.svg"],"assets/images/illustration.png":["assets/images/illustration.png"],"assets/images/instegram.png":["assets/images/instegram.png"],"assets/images/insurance-round-svgrepo-com.svg":["assets/images/insurance-round-svgrepo-com.svg"],"assets/images/insurance-umbrella-svgrepo-com.svg":["assets/images/insurance-umbrella-svgrepo-com.svg"],"assets/images/item3.png":["assets/images/item3.png"],"assets/images/item4.png":["assets/images/item4.png"],"assets/images/locations.gif":["assets/images/locations.gif"],"assets/images/locations.jpg":["assets/images/locations.jpg"],"assets/images/locations.png":["assets/images/locations.png"],"assets/images/logo.png":["assets/images/logo.png"],"assets/images/logoapp.png":["assets/images/logoapp.png"],"assets/images/map.png":["assets/images/map.png"],"assets/images/mony.png":["assets/images/mony.png"],"assets/images/more.svg":["assets/images/more.svg"],"assets/images/newlogo.png":["assets/images/newlogo.png"],"assets/images/news1.jpg":["assets/images/news1.jpg"],"assets/images/news1.png":["assets/images/news1.png"],"assets/images/news2.jpg":["assets/images/news2.jpg"],"assets/images/news22.png":["assets/images/news22.png"],"assets/images/news3.jpg":["assets/images/news3.jpg"],"assets/images/one.png":["assets/images/one.png"],"assets/images/page-8.png":["assets/images/page-8.png"],"assets/images/pay.gif":["assets/images/pay.gif"],"assets/images/pay.png":["assets/images/pay.png"],"assets/images/producers.png":["assets/images/producers.png"],"assets/images/products.gif":["assets/images/products.gif"],"assets/images/products.jpg":["assets/images/products.jpg"],"assets/images/products.png":["assets/images/products.png"],"assets/images/report.gif":["assets/images/report.gif"],"assets/images/report.gif.mp4":["assets/images/report.gif.mp4"],"assets/images/report.png":["assets/images/report.png"],"assets/images/request.png":["assets/images/request.png"],"assets/images/sadad.gif":["assets/images/sadad.gif"],"assets/images/sadad.jpg":["assets/images/sadad.jpg"],"assets/images/sadad.png":["assets/images/sadad.png"],"assets/images/search_icon.svg":["assets/images/search_icon.svg"],"assets/images/share_icon.svg":["assets/images/share_icon.svg"],"assets/images/sign.png":["assets/images/sign.png"],"assets/images/signup.jpg":["assets/images/signup.jpg"],"assets/images/signup.png":["assets/images/signup.png"],"assets/images/slidshow1.png":["assets/images/slidshow1.png"],"assets/images/slidshow2.png":["assets/images/slidshow2.png"],"assets/images/slidshow3.png":["assets/images/slidshow3.png"],"assets/images/supportIcon.png":["assets/images/supportIcon.png"],"assets/images/taweed.jpg":["assets/images/taweed.jpg"],"assets/images/taweed.png":["assets/images/taweed.png"],"assets/images/tel.png":["assets/images/tel.png"],"assets/images/three.png":["assets/images/three.png"],"assets/images/touch_ID.png":["assets/images/touch_ID.png"],"assets/images/two.png":["assets/images/two.png"],"assets/images/userImage.png":["assets/images/userImage.png"],"assets/images/verify.gif":["assets/images/verify.gif"],"assets/images/verify.png":["assets/images/verify.png"],"assets/images/washing_machine_illustration.png":["assets/images/washing_machine_illustration.png"],"assets/images/washlogo.png":["assets/images/washlogo.png"],"assets/lottie/97952-loading-animation-blue.json":["assets/lottie/97952-loading-animation-blue.json"],"assets/lottie/loading.json":["assets/lottie/loading.json"],"assets/lottie/nodata.json":["assets/lottie/nodata.json"],"assets/lottie/offline.json":["assets/lottie/offline.json"],"assets/lottie/server.json":["assets/lottie/server.json"],"packages/cupertino_icons/assets/CupertinoIcons.ttf":["packages/cupertino_icons/assets/CupertinoIcons.ttf"],"packages/empty_widget/assets/images/emptyImage.png":["packages/empty_widget/assets/images/emptyImage.png"],"packages/empty_widget/assets/images/im_emptyIcon_1.png":["packages/empty_widget/assets/images/im_emptyIcon_1.png"],"packages/empty_widget/assets/images/im_emptyIcon_2.png":["packages/empty_widget/assets/images/im_emptyIcon_2.png"],"packages/empty_widget/assets/images/im_emptyIcon_3.png":["packages/empty_widget/assets/images/im_emptyIcon_3.png"],"packages/flex_color_picker/assets/opacity.png":["packages/flex_color_picker/assets/opacity.png"],"packages/flutter_inappwebview/assets/t_rex_runner/t-rex.css":["packages/flutter_inappwebview/assets/t_rex_runner/t-rex.css"],"packages/flutter_inappwebview/assets/t_rex_runner/t-rex.html":["packages/flutter_inappwebview/assets/t_rex_runner/t-rex.html"],"packages/fluttericon/lib/fonts/Brandico.ttf":["packages/fluttericon/lib/fonts/Brandico.ttf"],"packages/fluttericon/lib/fonts/Elusive.ttf":["packages/fluttericon/lib/fonts/Elusive.ttf"],"packages/fluttericon/lib/fonts/Entypo.ttf":["packages/fluttericon/lib/fonts/Entypo.ttf"],"packages/fluttericon/lib/fonts/FontAwesome.ttf":["packages/fluttericon/lib/fonts/FontAwesome.ttf"],"packages/fluttericon/lib/fonts/FontAwesome5.ttf":["packages/fluttericon/lib/fonts/FontAwesome5.ttf"],"packages/fluttericon/lib/fonts/Fontelico.ttf":["packages/fluttericon/lib/fonts/Fontelico.ttf"],"packages/fluttericon/lib/fonts/Iconic.ttf":["packages/fluttericon/lib/fonts/Iconic.ttf"],"packages/fluttericon/lib/fonts/LineariconsFree.ttf":["packages/fluttericon/lib/fonts/LineariconsFree.ttf"],"packages/fluttericon/lib/fonts/Linecons.ttf":["packages/fluttericon/lib/fonts/Linecons.ttf"],"packages/fluttericon/lib/fonts/Maki.ttf":["packages/fluttericon/lib/fonts/Maki.ttf"],"packages/fluttericon/lib/fonts/Meteocons.ttf":["packages/fluttericon/lib/fonts/Meteocons.ttf"],"packages/fluttericon/lib/fonts/MfgLabs.ttf":["packages/fluttericon/lib/fonts/MfgLabs.ttf"],"packages/fluttericon/lib/fonts/ModernPictograms.ttf":["packages/fluttericon/lib/fonts/ModernPictograms.ttf"],"packages/fluttericon/lib/fonts/Octicons.ttf":["packages/fluttericon/lib/fonts/Octicons.ttf"],"packages/fluttericon/lib/fonts/RpgAwesome.ttf":["packages/fluttericon/lib/fonts/RpgAwesome.ttf"],"packages/fluttericon/lib/fonts/Typicons.ttf":["packages/fluttericon/lib/fonts/Typicons.ttf"],"packages/fluttericon/lib/fonts/WebSymbols.ttf":["packages/fluttericon/lib/fonts/WebSymbols.ttf"],"packages/fluttericon/lib/fonts/Zocial.ttf":["packages/fluttericon/lib/fonts/Zocial.ttf"],"packages/font_awesome_flutter/lib/fonts/fa-brands-400.ttf":["packages/font_awesome_flutter/lib/fonts/fa-brands-400.ttf"],"packages/font_awesome_flutter/lib/fonts/fa-regular-400.ttf":["packages/font_awesome_flutter/lib/fonts/fa-regular-400.ttf"],"packages/font_awesome_flutter/lib/fonts/fa-solid-900.ttf":["packages/font_awesome_flutter/lib/fonts/fa-solid-900.ttf"],"packages/getwidget/icons/dribble.png":["packages/getwidget/icons/dribble.png"],"packages/getwidget/icons/facebook.png":["packages/getwidget/icons/facebook.png"],"packages/getwidget/icons/google.png":["packages/getwidget/icons/google.png"],"packages/getwidget/icons/line.png":["packages/getwidget/icons/line.png"],"packages/getwidget/icons/linkedin.png":["packages/getwidget/icons/linkedin.png"],"packages/getwidget/icons/pinterest.png":["packages/getwidget/icons/pinterest.png"],"packages/getwidget/icons/slack.png":["packages/getwidget/icons/slack.png"],"packages/getwidget/icons/twitter.png":["packages/getwidget/icons/twitter.png"],"packages/getwidget/icons/wechat.png":["packages/getwidget/icons/wechat.png"],"packages/getwidget/icons/whatsapp.png":["packages/getwidget/icons/whatsapp.png"],"packages/getwidget/icons/youtube.png":["packages/getwidget/icons/youtube.png"],"packages/html_editor_enhanced/assets/font/summernote.eot":["packages/html_editor_enhanced/assets/font/summernote.eot"],"packages/html_editor_enhanced/assets/font/summernote.ttf":["packages/html_editor_enhanced/assets/font/summernote.ttf"],"packages/html_editor_enhanced/assets/jquery.min.js":["packages/html_editor_enhanced/assets/jquery.min.js"],"packages/html_editor_enhanced/assets/plugins/summernote-at-mention/summernote-at-mention.js":["packages/html_editor_enhanced/assets/plugins/summernote-at-mention/summernote-at-mention.js"],"packages/html_editor_enhanced/assets/summernote-lite-dark.css":["packages/html_editor_enhanced/assets/summernote-lite-dark.css"],"packages/html_editor_enhanced/assets/summernote-lite.min.css":["packages/html_editor_enhanced/assets/summernote-lite.min.css"],"packages/html_editor_enhanced/assets/summernote-lite.min.js":["packages/html_editor_enhanced/assets/summernote-lite.min.js"],"packages/html_editor_enhanced/assets/summernote-no-plugins.html":["packages/html_editor_enhanced/assets/summernote-no-plugins.html"],"packages/html_editor_enhanced/assets/summernote.html":["packages/html_editor_enhanced/assets/summernote.html"],"packages/im_stepper/assets/me.jpg":["packages/im_stepper/assets/me.jpg"],"packages/quill_html_editor/assets/camera_roll_icon.png":["packages/quill_html_editor/assets/camera_roll_icon.png"],"packages/quill_html_editor/assets/delete_column.png":["packages/quill_html_editor/assets/delete_column.png"],"packages/quill_html_editor/assets/delete_row.png":["packages/quill_html_editor/assets/delete_row.png"],"packages/quill_html_editor/assets/delete_table.png":["packages/quill_html_editor/assets/delete_table.png"],"packages/quill_html_editor/assets/edit_table.png":["packages/quill_html_editor/assets/edit_table.png"],"packages/quill_html_editor/assets/h1_dark.png":["packages/quill_html_editor/assets/h1_dark.png"],"packages/quill_html_editor/assets/h2_dark.png":["packages/quill_html_editor/assets/h2_dark.png"],"packages/quill_html_editor/assets/insert_column_left.png":["packages/quill_html_editor/assets/insert_column_left.png"],"packages/quill_html_editor/assets/insert_column_right.png":["packages/quill_html_editor/assets/insert_column_right.png"],"packages/quill_html_editor/assets/insert_row_above.png":["packages/quill_html_editor/assets/insert_row_above.png"],"packages/quill_html_editor/assets/insert_row_below.png":["packages/quill_html_editor/assets/insert_row_below.png"],"packages/quill_html_editor/assets/insert_table.png":["packages/quill_html_editor/assets/insert_table.png"]}