[{"family":"MaterialIcons","fonts":[{"asset":"fonts/MaterialIcons-Regular.otf"}]},{"family":"Roboto","fonts":[{"asset":"assets/fonts/Roboto/Roboto-Black.ttf"},{"weight":700,"asset":"assets/fonts/Roboto/Roboto-Bold.ttf"}]},{"family":"Tajawal","fonts":[{"asset":"assets/fonts/Tajawal/Tajawal-Black.ttf"},{"weight":700,"asset":"assets/fonts/Tajawal/Tajawal-Bold.ttf"}]},{"family":"packages/cupertino_icons/CupertinoIcons","fonts":[{"asset":"packages/cupertino_icons/assets/CupertinoIcons.ttf"}]},{"family":"packages/fluttericon/Brandico","fonts":[{"asset":"packages/fluttericon/lib/fonts/Brandico.ttf"}]},{"family":"packages/fluttericon/Elusive","fonts":[{"asset":"packages/fluttericon/lib/fonts/Elusive.ttf"}]},{"family":"packages/fluttericon/Entypo","fonts":[{"asset":"packages/fluttericon/lib/fonts/Entypo.ttf"}]},{"family":"packages/fluttericon/FontAwesome","fonts":[{"asset":"packages/fluttericon/lib/fonts/FontAwesome.ttf"}]},{"family":"packages/fluttericon/FontAwesome5","fonts":[{"asset":"packages/fluttericon/lib/fonts/FontAwesome5.ttf"}]},{"family":"packages/fluttericon/Fontelico","fonts":[{"asset":"packages/fluttericon/lib/fonts/Fontelico.ttf"}]},{"family":"packages/fluttericon/Iconic","fonts":[{"asset":"packages/fluttericon/lib/fonts/Iconic.ttf"}]},{"family":"packages/fluttericon/LineariconsFree","fonts":[{"asset":"packages/fluttericon/lib/fonts/LineariconsFree.ttf"}]},{"family":"packages/fluttericon/Linecons","fonts":[{"asset":"packages/fluttericon/lib/fonts/Linecons.ttf"}]},{"family":"packages/fluttericon/Maki","fonts":[{"asset":"packages/fluttericon/lib/fonts/Maki.ttf"}]},{"family":"packages/fluttericon/Meteocons","fonts":[{"asset":"packages/fluttericon/lib/fonts/Meteocons.ttf"}]},{"family":"packages/fluttericon/MfgLabs","fonts":[{"asset":"packages/fluttericon/lib/fonts/MfgLabs.ttf"}]},{"family":"packages/fluttericon/ModernPictograms","fonts":[{"asset":"packages/fluttericon/lib/fonts/ModernPictograms.ttf"}]},{"family":"packages/fluttericon/Typicons","fonts":[{"asset":"packages/fluttericon/lib/fonts/Typicons.ttf"}]},{"family":"packages/fluttericon/WebSymbols","fonts":[{"asset":"packages/fluttericon/lib/fonts/WebSymbols.ttf"}]},{"family":"packages/fluttericon/Zocial","fonts":[{"asset":"packages/fluttericon/lib/fonts/Zocial.ttf"}]},{"family":"packages/fluttericon/RpgAwesome","fonts":[{"asset":"packages/fluttericon/lib/fonts/RpgAwesome.ttf"}]},{"family":"packages/fluttericon/Octicons","fonts":[{"asset":"packages/fluttericon/lib/fonts/Octicons.ttf"}]},{"family":"packages/font_awesome_flutter/FontAwesomeBrands","fonts":[{"weight":400,"asset":"packages/font_awesome_flutter/lib/fonts/fa-brands-400.ttf"}]},{"family":"packages/font_awesome_flutter/FontAwesomeRegular","fonts":[{"weight":400,"asset":"packages/font_awesome_flutter/lib/fonts/fa-regular-400.ttf"}]},{"family":"packages/font_awesome_flutter/FontAwesomeSolid","fonts":[{"weight":900,"asset":"packages/font_awesome_flutter/lib/fonts/fa-solid-900.ttf"}]}]